name,id,nametype,recclass,mass (g),fall,year,reclat,reclong,GeoLocation
Allende,2278,Valid,CV3,2000000,Fell,01/01/1969 12:00:00 AM,26.96667,-105.31667,"(26.96667, -105.31667)"
Andreevka,2296,Valid,L3,600,Fell,01/01/1969 12:00:00 AM,48.7,37.5,"(48.7, 37.5)"
Awere,4910,Valid,L4,134,Fell,01/01/1968 12:00:00 AM,2.71667,32.83333,"(2.71667, 32.83333)"
Barwell,4954,Valid,L5,44000,Fell,01/01/1965 12:00:00 AM,52.56528,-1.33972,"(52.56528, -1.33972)"
Bells,5005,Valid,C2-ung,375,Fell,01/01/1961 12:00:00 AM,33.6,-96.46667,"(33.6, -96.46667)"
Bogou,5097,Valid,"Iron, IAB-MG",8800,Fell,01/01/1962 12:00:00 AM,12.5,0.7,"(12.5, 0.7)"
Bovedy,5121,Valid,L3,5460,Fell,01/01/1969 12:00:00 AM,54.56667,-6.33333,"(54.56667, -6.33333)"
Bruderheim,5156,Valid,L6,303000,Fell,01/01/1960 12:00:00 AM,53.9,-112.88333,"(53.9, -112.88333)"
Bulls Run,5163,Valid,Iron?,2250,Fell,01/01/1964 12:00:00 AM,,,
Çanakkale,5250,Valid,L6,4000,Fell,01/01/1964 12:00:00 AM,39.8,26.6,"(39.8, 26.6)"
Chernyi Bor,5339,Valid,H4,6000,Fell,01/01/1964 12:00:00 AM,53.7,30.1,"(53.7, 30.1)"
Chitado,5356,Valid,L6,,Fell,01/01/1966 12:00:00 AM,-17.35,13.96667,"(-17.35, 13.96667)"
Conquista,5418,Valid,H4,20350,Fell,01/01/1965 12:00:00 AM,-19.85,-47.55,"(-19.85, -47.55)"
Denver,6660,Valid,L6,230,Fell,01/01/1967 12:00:00 AM,39.7825,-104.93056,"(39.7825, -104.93056)"
Desuri,6693,Valid,H6,25400,Fell,01/01/1962 12:00:00 AM,25.73333,73.61667,"(25.73333, 73.61667)"
Djermaia,7656,Valid,H,3950,Fell,01/01/1961 12:00:00 AM,12.73333,15.05,"(12.73333, 15.05)"
Dongtai,7708,Valid,LL6,5500,Fell,01/01/1970 12:00:00 AM,32.91667,120.78333,"(32.91667, 120.78333)"
Dosso,7722,Valid,L6,1250,Fell,01/01/1962 12:00:00 AM,13.05,3.16667,"(13.05, 3.16667)"
Dwaleni,7755,Valid,H4-6,3230,Fell,01/01/1970 12:00:00 AM,-27.2,31.31667,"(-27.2, 31.31667)"
Ehole,7774,Valid,H5,2400,Fell,01/01/1961 12:00:00 AM,-17.3,15.83333,"(-17.3, 15.83333)"
Gao-Guenie,10854,Valid,H5,,Fell,01/01/1960 12:00:00 AM,11.65,-2.18333,"(11.65, -2.18333)"
Granes,10956,Valid,L6,9000,Fell,01/01/1964 12:00:00 AM,42.9,2.25,"(42.9, 2.25)"
Harleton,11830,Valid,L6,8360,Fell,01/01/1961 12:00:00 AM,32.675,-94.51167,"(32.675, -94.51167)"
Hoxie,11915,Valid,OC,266.1,Fell,01/01/1963 12:00:00 AM,39.35,-100.45,"(39.35, -100.45)"
Inner Mongolia,12037,Valid,L6,3000,Fell,01/01/1963 12:00:00 AM,41,112,"(41.0, 112.0)"
Jiange,12086,Valid,H5,222,Fell,01/01/1964 12:00:00 AM,31.91667,104.91667,"(31.91667, 104.91667)"
Juromenha,12213,Valid,"Iron, IIIAB",25250,Fell,01/01/1968 12:00:00 AM,38.74028,-7.27,"(38.74028, -7.27)"
Karatu,12258,Valid,LL6,2220,Fell,01/01/1963 12:00:00 AM,-3.5,35.58333,"(-3.5, 35.58333)"
Kayakent,12268,Valid,"Iron, IIIAB",85000,Fell,01/01/1961 12:00:00 AM,39.26333,31.78,"(39.26333, 31.78)"
Kiel,12301,Valid,L6,737.6,Fell,01/01/1962 12:00:00 AM,54.4,10.15,"(54.4, 10.15)"
Kiffa,12303,Valid,H5,1500,Fell,01/01/1970 12:00:00 AM,16.58333,-11.33333,"(16.58333, -11.33333)"
Kingai,12316,Valid,H6,67.4,Fell,01/01/1967 12:00:00 AM,11.63333,24.68333,"(11.63333, 24.68333)"
Kulak,12369,Valid,L5,453.6,Fell,01/01/1961 12:00:00 AM,30.73111,66.80222,"(30.73111, 66.80222)"
Lost City,14711,Valid,H5,17000,Fell,01/01/1970 12:00:00 AM,36.00833,-95.15,"(36.00833, -95.15)"
Malakal,15394,Valid,L5,2000,Fell,01/01/1970 12:00:00 AM,9.5,31.75,"(9.5, 31.75)"
Millbillillie,16643,Valid,Eucrite-mmict,330000,Fell,01/01/1960 12:00:00 AM,-26.45,120.36667,"(-26.45, 120.36667)"
Murchison,16875,Valid,CM2,100000,Fell,01/01/1969 12:00:00 AM,-36.61667,145.2,"(-36.61667, 145.2)"
Muzaffarpur,16885,Valid,"Iron, IAB-sHL",1245,Fell,01/01/1964 12:00:00 AM,26.13333,85.53333,"(26.13333, 85.53333)"
Nejo,16941,Valid,L6,2450,Fell,01/01/1970 12:00:00 AM,9.5,35.33333,"(9.5, 35.33333)"
Niger (L6),16974,Valid,L6,3.3,Fell,01/01/1967 12:00:00 AM,,,
Niger (LL6),16975,Valid,LL6,3.3,Fell,01/01/1967 12:00:00 AM,,,
Ohuma,17996,Valid,L5,7700,Fell,01/01/1963 12:00:00 AM,6.75,8.5,"(6.75, 8.5)"
Parambu,18102,Valid,LL5,2000,Fell,01/01/1967 12:00:00 AM,-6.23333,-40.7,"(-6.23333, -40.7)"
Patora,18112,Valid,H6,4375,Fell,01/01/1969 12:00:00 AM,20.93694,82.05,"(20.93694, 82.05)"
Pavel,18173,Valid,H5,2968,Fell,01/01/1966 12:00:00 AM,43.46667,25.51667,"(43.46667, 25.51667)"
Peace River,18180,Valid,L6,45760,Fell,01/01/1963 12:00:00 AM,56.13333,-117.93333,"(56.13333, -117.93333)"
Piancaldoli,18813,Valid,LL3.4,13.1,Fell,01/01/1968 12:00:00 AM,44.24417,11.50222,"(44.24417, 11.50222)"
Ras Tanura,22395,Valid,H6,6.1,Fell,01/01/1961 12:00:00 AM,26.66667,50.15,"(26.66667, 50.15)"
Revelstoke,22592,Valid,CI1,1,Fell,01/01/1965 12:00:00 AM,51.33333,-118.95,"(51.33333, -118.95)"
Saint-Séverin,23102,Valid,LL6,271000,Fell,01/01/1966 12:00:00 AM,45.3,0.23333,"(45.3, 0.23333)"
San Pedro Jacuaro,34063,Valid,LL6,460,Fell,01/01/1968 12:00:00 AM,19.76667,-100.65,"(19.76667, -100.65)"
São Jose do Rio Preto,23171,Valid,H4,927,Fell,01/01/1962 12:00:00 AM,-20.81,-49.38056,"(-20.81, -49.38056)"
Schenectady,23458,Valid,H5,283.3,Fell,01/01/1968 12:00:00 AM,42.86083,-73.95028,"(42.86083, -73.95028)"
Seoni,23500,Valid,H6,20000,Fell,01/01/1966 12:00:00 AM,21.68389,79.50083,"(21.68389, 79.50083)"
Soheria,23660,Valid,OC,72.9,Fell,01/01/1960 12:00:00 AM,27.13333,84.06667,"(27.13333, 84.06667)"
Ste. Marguerite,23099,Valid,H4,4960,Fell,01/01/1962 12:00:00 AM,50.76667,3,"(50.76667, 3.0)"
Suchy Dul,23737,Valid,L6,815.3,Fell,01/01/1969 12:00:00 AM,50.53806,16.26333,"(50.53806, 16.26333)"
Taonan,23873,Valid,L5,3850,Fell,01/01/1965 12:00:00 AM,45.4,122.9,"(45.4, 122.9)"
Tathlith,23885,Valid,L6,2500,Fell,01/01/1967 12:00:00 AM,19.38333,43.73333,"(19.38333, 43.73333)"
Tillaberi,23999,Valid,L6,3000,Fell,01/01/1970 12:00:00 AM,14.25,1.53333,"(14.25, 1.53333)"
Tugalin-Bulen,24062,Valid,H6,10000,Fell,01/01/1967 12:00:00 AM,45.46667,105.38333,"(45.46667, 105.38333)"
Ucera,24097,Valid,H5,4590,Fell,01/01/1970 12:00:00 AM,11.05,-69.85,"(11.05, -69.85)"
Umm Ruaba,24118,Valid,L5,1700,Fell,01/01/1966 12:00:00 AM,13.46667,31.21667,"(13.46667, 31.21667)"
Usti Nad Orlici,24132,Valid,L6,1269,Fell,01/01/1963 12:00:00 AM,49.975,16.375,"(49.975, 16.375)"
Vilna,24183,Valid,L5,0.1,Fell,01/01/1967 12:00:00 AM,54.225,-111.69167,"(54.225, -111.69167)"
Wiluna,24281,Valid,H5,150000,Fell,01/01/1967 12:00:00 AM,-26.59278,120.32833,"(-26.59278, 120.32833)"
Wolamo,24324,Valid,OC,166.4,Fell,01/01/1964 12:00:00 AM,9,39,"(9.0, 39.0)"
Woolgorong,24334,Valid,L6,36000,Fell,01/01/1960 12:00:00 AM,-27.75,115.83333,"(-27.75, 115.83333)"
Zagami,30386,Valid,Martian (shergottite),18000,Fell,01/01/1962 12:00:00 AM,11.73333,7.08333,"(11.73333, 7.08333)"
Zaisan,30388,Valid,H5,463,Fell,01/01/1963 12:00:00 AM,47.5,83,"(47.5, 83.0)"
Acomita,372,Valid,"Pallasite, PMG",3956,Found,01/01/1962 12:00:00 AM,35.05,-107.56667,"(35.05, -107.56667)"
ad-Dahbubah,376,Valid,H5,90000,Found,01/01/1961 12:00:00 AM,19.83333,51.25,"(19.83333, 51.25)"
Akhricha,428,Valid,H,1760,Found,01/01/1968 12:00:00 AM,28.4625,1.025,"(28.4625, 1.025)"
Akron (1961),431,Valid,L6,4000,Found,01/01/1961 12:00:00 AM,40.15,-103.16667,"(40.15, -103.16667)"
Albion,457,Valid,"Iron, IVA",12280,Found,01/01/1966 12:00:00 AM,46.83333,-117.25,"(46.83333, -117.25)"
al-Ghanim (iron),468,Valid,"Iron, IIIAB",500,Found,01/01/1960 12:00:00 AM,19.83333,54.08333,"(19.83333, 54.08333)"
al-Ghanim (stone),469,Valid,L6,3755,Found,01/01/1960 12:00:00 AM,19.7,53.96667,"(19.7, 53.96667)"
Anoka,2307,Valid,"Iron, IAB-sLM",1108,Found,01/01/1961 12:00:00 AM,45.2,-93.43333,"(45.2, -93.43333)"
Answer,2309,Valid,Iron,11090,Found,01/01/1970 12:00:00 AM,-21.65972,140.90694,"(-21.65972, 140.90694)"
Anton,2311,Valid,H4,41800,Found,01/01/1965 12:00:00 AM,33.7825,-102.18111,"(33.7825, -102.18111)"
Aprel'sky,2319,Valid,"Iron, IIIAB",54600,Found,01/01/1969 12:00:00 AM,53.3,126.11667,"(53.3, 126.11667)"
Armel,2336,Valid,L5,9200,Found,01/01/1967 12:00:00 AM,39.76667,-102.13333,"(39.76667, -102.13333)"
Arrabury,2337,Valid,H6,5300,Found,01/01/1960 12:00:00 AM,-26.5,141.08333,"(-26.5, 141.08333)"
Ashmore,2349,Valid,H5,55400,Found,01/01/1969 12:00:00 AM,32.9,-102.28333,"(32.9, -102.28333)"
ash-Shalfah,2350,Valid,L4,935,Found,01/01/1961 12:00:00 AM,21.875,49.71944,"(21.875, 49.71944)"
as-Su'aydan,2354,Valid,L5,5855,Found,01/01/1960 12:00:00 AM,21.25417,55.305,"(21.25417, 55.305)"
Atwood,4891,Valid,L6,2100,Found,01/01/1963 12:00:00 AM,40.51667,-103.26667,"(40.51667, -103.26667)"
Atwood (b),4892,Valid,OC,77,Found,01/01/1964 12:00:00 AM,40.51667,-103.26667,"(40.51667, -103.26667)"
Avoca (Western Australia),4909,Valid,"Iron, IIIAB",37850,Found,01/01/1966 12:00:00 AM,-30.85,122.31667,"(-30.85, 122.31667)"
Baandee,4914,Valid,H6,256.3,Found,01/01/1967 12:00:00 AM,-31.61667,118.03333,"(-31.61667, 118.03333)"
Balfour Downs,4927,Valid,"Iron, IAB-sLL",2400,Found,01/01/1962 12:00:00 AM,-22.75,120.83333,"(-22.75, 120.83333)"
Barbianello,4941,Valid,"Iron, ungrouped",860,Found,01/01/1960 12:00:00 AM,45.05778,9.19556,"(45.05778, 9.19556)"
Batesland,4973,Valid,H5,2500,Found,01/01/1961 12:00:00 AM,43.13333,-102.1,"(43.13333, -102.1)"
Bench Crater,5013,Valid,C1-ung,,Found,01/01/1969 12:00:00 AM,,,
Benedict,5017,Valid,"Iron, IIIAB",16380,Found,01/01/1970 12:00:00 AM,41,-97.53333,"(41.0, -97.53333)"
Benjamin,5020,Valid,H4/5,51800,Found,01/01/1969 12:00:00 AM,33.58333,-99.8,"(33.58333, -99.8)"
Bethel (a),5030,Valid,OC,18.3,Found,01/01/1968 12:00:00 AM,34.23333,-103.38333,"(34.23333, -103.38333)"
Bethel (b),5031,Valid,H4,56.8,Found,01/01/1968 12:00:00 AM,34.24667,-103.395,"(34.24667, -103.395)"
Big Rock Donga,5044,Valid,H6,19000,Found,01/01/1970 12:00:00 AM,-30.55,130.96667,"(-30.55, 130.96667)"
Billygoat Donga,5048,Valid,L6,893,Found,01/01/1962 12:00:00 AM,-30.13333,126.36667,"(-30.13333, 126.36667)"
Bledsoe,5074,Valid,H4,30500,Found,01/01/1970 12:00:00 AM,33.59167,-103.02667,"(33.59167, -103.02667)"
Boaz (stone),5091,Valid,H5,1800,Found,01/01/1968 12:00:00 AM,33.65167,-103.70833,"(33.65167, -103.70833)"
Bocaiuva,5092,Valid,"Iron, ungrouped",64000,Found,01/01/1965 12:00:00 AM,-17.16667,-43.83333,"(-17.16667, -43.83333)"
Boolka,5108,Valid,H5,12000,Found,01/01/1968 12:00:00 AM,-30.06667,141.06667,"(-30.06667, 141.06667)"
Bou Hadid,5118,Valid,L,374,Found,01/01/1969 12:00:00 AM,28.3125,0.23333,"(28.3125, 0.23333)"
Bowesmont,5124,Valid,L6,2270,Found,01/01/1962 12:00:00 AM,48.68333,-97.16667,"(48.68333, -97.16667)"
Brownfield (1964),5152,Valid,H5,4100,Found,01/01/1964 12:00:00 AM,33.21667,-102.18333,"(33.21667, -102.18333)"
Brownfield (iron),5154,Valid,"Iron, IID",1626,Found,01/01/1960 12:00:00 AM,33.21667,-102.18333,"(33.21667, -102.18333)"
Buckleboo,5160,Valid,H6,992,Found,01/01/1963 12:00:00 AM,-32.95556,136.1375,"(-32.95556, 136.1375)"
Budulan,5161,Valid,Mesosiderite-B4,100000,Found,01/01/1962 12:00:00 AM,50.56667,114.9,"(50.56667, 114.9)"
Buenaventura,5162,Valid,"Iron, IIIAB",113600,Found,01/01/1969 12:00:00 AM,29.8,-107.55,"(29.8, -107.55)"
Burnabbie,5173,Valid,H5,2515,Found,01/01/1965 12:00:00 AM,-32.05,126.16667,"(-32.05, 126.16667)"
Burrika,5176,Valid,L6,20.4,Found,01/01/1966 12:00:00 AM,-31.96667,125.83333,"(-31.96667, 125.83333)"
Calcalong Creek,5194,Valid,Lunar (anorth),19,Found,01/01/1960 12:00:00 AM,-26.45,120.36667,"(-26.45, 120.36667)"
Caldera,5196,Valid,Eucrite-mmict,500,Found,01/01/1967 12:00:00 AM,-27.05,-70.8,"(-27.05, -70.8)"
Caldwell,5197,Valid,L-imp melt,12900,Found,01/01/1961 12:00:00 AM,37.03333,-97.625,"(37.03333, -97.625)"
Canyonlands,5258,Valid,H6,1520,Found,01/01/1961 12:00:00 AM,38.18333,-109.88333,"(38.18333, -109.88333)"
Cardanumbi,5268,Valid,L5,6.4,Found,01/01/1966 12:00:00 AM,-32.1,125.68333,"(-32.1, 125.68333)"
Carnegie,5278,Valid,L6,132700,Found,01/01/1963 12:00:00 AM,35.16667,-98.64389,"(35.16667, -98.64389)"
Catherwood,5298,Valid,L6,3920,Found,01/01/1965 12:00:00 AM,51.965,-107.43833,"(51.965, -107.43833)"
Changxing,5323,Valid,H5,27900,Found,01/01/1964 12:00:00 AM,31.33333,121.66667,"(31.33333, 121.66667)"
Claytonville,5375,Valid,L5,15600,Found,01/01/1964 12:00:00 AM,34.34667,-101.49,"(34.34667, -101.49)"
Cleo Springs,5378,Valid,H4,24000,Found,01/01/1960 12:00:00 AM,36.43333,-98.43333,"(36.43333, -98.43333)"
Clifford,5380,Valid,L6,11360,Found,01/01/1962 12:00:00 AM,39.1,-103.25833,"(39.1, -103.25833)"
Clovis (no. 1),5385,Valid,H3.6,283000,Found,01/01/1961 12:00:00 AM,34.3,-103.13472,"(34.3, -103.13472)"
Clovis (no. 2),5386,Valid,L6,41300,Found,01/01/1963 12:00:00 AM,34.3,-103.13333,"(34.3, -103.13333)"
Cockarrow Creek,5390,Valid,L6,429,Found,01/01/1970 12:00:00 AM,-26.66667,120.16667,"(-26.66667, 120.16667)"
Coonana,5437,Valid,H4,6800,Found,01/01/1962 12:00:00 AM,-29.85,140.7,"(-29.85, 140.7)"
Coorara,5439,Valid,L6,116.7,Found,01/01/1966 12:00:00 AM,-30.45,126.1,"(-30.45, 126.1)"
Cope (b),5441,Valid,H5,817,Found,01/01/1967 12:00:00 AM,39.68333,-102.845,"(39.68333, -102.845)"
Coronel Arnold,5445,Valid,L,450,Found,01/01/1962 12:00:00 AM,-33.06667,-61,"(-33.06667, -61.0)"
Corowa,5446,Valid,"Iron, IIF",11340,Found,01/01/1964 12:00:00 AM,-36,146.36667,"(-36.0, 146.36667)"
Credo,5468,Valid,L6,10820,Found,01/01/1967 12:00:00 AM,-30.36667,120.73333,"(-30.36667, 120.73333)"
Crosbyton,5475,Valid,H,,Found,01/01/1963 12:00:00 AM,33.66667,-101.26667,"(33.66667, -101.26667)"
Dalhart,5508,Valid,H5,4400,Found,01/01/1968 12:00:00 AM,36.04333,-102.40833,"(36.04333, -102.40833)"
De Hoek,6622,Valid,"Iron, ungrouped",20930,Found,01/01/1960 12:00:00 AM,-29.38333,23.1,"(-29.38333, 23.1)"
De Kalb,6623,Valid,H,566,Found,01/01/1969 12:00:00 AM,39.59167,-94.92194,"(39.59167, -94.92194)"
Del Rio,6639,Valid,"Iron, IIF",3596,Found,01/01/1965 12:00:00 AM,29.36667,-100.96667,"(29.36667, -100.96667)"
Delphos (a),6645,Valid,L4,1244.7,Found,01/01/1968 12:00:00 AM,34.08333,-103.525,"(34.08333, -103.525)"
Delphos (b),6646,Valid,OC,548,Found,01/01/1968 12:00:00 AM,34.09,-103.61167,"(34.09, -103.61167)"
Delphos (d),6648,Valid,H5,276,Found,01/01/1969 12:00:00 AM,34.05,-103.55,"(34.05, -103.55)"
Dingo Pup Donga,7647,Valid,Ureilite,122.7,Found,01/01/1965 12:00:00 AM,-30.43333,126.1,"(-30.43333, 126.1)"
Doolgunna,7710,Valid,L,20,Found,01/01/1967 12:00:00 AM,-25.93333,119.3,"(-25.93333, 119.3)"
Dora (stone),7713,Valid,OC,1570,Found,01/01/1970 12:00:00 AM,33.92333,-103.35,"(33.92333, -103.35)"
Duncanville,7744,Valid,H,17800,Found,01/01/1961 12:00:00 AM,32.63333,-96.86667,"(32.63333, -96.86667)"
Dunedin,7746,Valid,LL3,5.1,Found,01/01/1960 12:00:00 AM,,,
Eagles Nest,7762,Valid,Brachinite,154,Found,01/01/1960 12:00:00 AM,,,
Edjudina,7766,Valid,H4,4480,Found,01/01/1969 12:00:00 AM,-29.58639,122.18167,"(-29.58639, 122.18167)"
Efremovka,7772,Valid,CV3,21000,Found,01/01/1962 12:00:00 AM,52.5,77,"(52.5, 77.0)"
Egvekinot,7773,Valid,"Iron, IAB-sLM",10000,Found,01/01/1970 12:00:00 AM,66.8,178.2,"(66.8, 178.2)"
Elba,7821,Valid,H5,4175,Found,01/01/1966 12:00:00 AM,39.83333,-103.21667,"(39.83333, -103.21667)"
Elida (a),10014,Valid,L6,936.8,Found,01/01/1968 12:00:00 AM,33.78333,-103.57667,"(33.78333, -103.57667)"
Elida (b),10015,Valid,OC,537.8,Found,01/01/1968 12:00:00 AM,33.91667,-103.51833,"(33.91667, -103.51833)"
Elida (c),10016,Valid,H5,385.5,Found,01/01/1968 12:00:00 AM,33.79,-103.56333,"(33.79, -103.56333)"
Ellicott,10021,Valid,"Iron, IAB-ung",15700,Found,01/01/1960 12:00:00 AM,38.80778,-104.56944,"(38.80778, -104.56944)"
Ellisras,10023,Valid,Iron,2066,Found,01/01/1970 12:00:00 AM,-23.83333,27.91667,"(-23.83333, 27.91667)"
Emery,10031,Valid,Mesosiderite-A3,16700,Found,01/01/1962 12:00:00 AM,43.56333,-97.58333,"(43.56333, -97.58333)"
Enigma,10036,Valid,H4,94,Found,01/01/1967 12:00:00 AM,31.33333,-82.31667,"(31.33333, -82.31667)"
Erie,10045,Valid,L6,3300,Found,01/01/1965 12:00:00 AM,40.03167,-105.05667,"(40.03167, -105.05667)"
Etosha,10061,Valid,"Iron, IC",110700,Found,01/01/1970 12:00:00 AM,-18.5,16,"(-18.5, 16.0)"
Etter,10062,Valid,L5,450000,Found,01/01/1965 12:00:00 AM,35.98333,-101.9,"(35.98333, -101.9)"
Euclid,10063,Valid,H5,2500,Found,01/01/1970 12:00:00 AM,47.95833,-96.7,"(47.95833, -96.7)"
Eunice,10064,Valid,H5,2300,Found,01/01/1961 12:00:00 AM,34.47,-101.75833,"(34.47, -101.75833)"
Eva,10066,Valid,H5,6700,Found,01/01/1965 12:00:00 AM,36.81667,-101.90833,"(36.81667, -101.90833)"
Faucett,10077,Valid,H5,100000,Found,01/01/1966 12:00:00 AM,39.61667,-94.86667,"(39.61667, -94.86667)"
Felt,10083,Valid,H6,5400,Found,01/01/1970 12:00:00 AM,36.55,-102.78333,"(36.55, -102.78333)"
Fenbark,10085,Valid,H5,1861,Found,01/01/1968 12:00:00 AM,-30.44028,121.25694,"(-30.44028, 121.25694)"
Ferintosh,10090,Valid,OC,2201,Found,01/01/1965 12:00:00 AM,52.8,-112.98333,"(52.8, -112.98333)"
Finney,10104,Valid,L5,10700,Found,01/01/1962 12:00:00 AM,34.26667,-101.56667,"(34.26667, -101.56667)"
Floyd,10113,Valid,L4,13000,Found,01/01/1966 12:00:00 AM,34.19333,-103.575,"(34.19333, -103.575)"
Fluvanna (a),10116,Valid,L5,9500,Found,01/01/1967 12:00:00 AM,32.8,-101.11667,"(32.8, -101.11667)"
Forrest 001,10124,Valid,H5,97.7,Found,01/01/1967 12:00:00 AM,-30.81667,128.21667,"(-30.81667, 128.21667)"
Forrest 003,10126,Valid,H3,74,Found,01/01/1970 12:00:00 AM,-30.9,128.08333,"(-30.9, 128.08333)"
Forrest 004,10127,Valid,L6,64,Found,01/01/1970 12:00:00 AM,-30.46667,128.2,"(-30.46667, 128.2)"
Forrest 005,10128,Valid,H4,36,Found,01/01/1970 12:00:00 AM,-30.45833,128.21667,"(-30.45833, 128.21667)"
Fremont Butte,10181,Valid,L4,6647,Found,01/01/1963 12:00:00 AM,38.5,-105.5,"(38.5, -105.5)"
Frenchman Bay,10182,Valid,H3.5,8800,Found,01/01/1964 12:00:00 AM,-30.60833,115.16667,"(-30.60833, 115.16667)"
Fuling,10837,Valid,Iron,,Found,01/01/1960 12:00:00 AM,29.7,107.4,"(29.7, 107.4)"
Garrison,10864,Valid,H5,5116,Found,01/01/1969 12:00:00 AM,33.86333,-103.34667,"(33.86333, -103.34667)"
Georgetown,10904,Valid,H6,687,Found,01/01/1967 12:00:00 AM,39.7,-105.7,"(39.7, -105.7)"
Glasston,10928,Valid,L5,1990,Found,01/01/1969 12:00:00 AM,48.71667,-97.3,"(48.71667, -97.3)"
Gobabeb,10939,Valid,H4,27000,Found,01/01/1969 12:00:00 AM,-23.55,15.03333,"(-23.55, 15.03333)"
Grady (c),10953,Valid,H4,5700,Found,01/01/1970 12:00:00 AM,34.8,-103.31667,"(34.8, -103.31667)"
Grassland,10959,Valid,L4,4400,Found,01/01/1964 12:00:00 AM,33.11667,-101.58333,"(33.11667, -101.58333)"
Grier (a),11202,Valid,OC,12.4,Found,01/01/1969 12:00:00 AM,34.38167,-103.39167,"(34.38167, -103.39167)"
Grier (b),11203,Valid,L5-7,929.4,Found,01/01/1969 12:00:00 AM,34.26667,-103.38333,"(34.26667, -103.38333)"
Guangyuan,11438,Valid,Iron,,Found,01/01/1965 12:00:00 AM,32.4,105.9,"(32.4, 105.9)"
Guin,11445,Valid,"Iron, ungrouped",34500,Found,01/01/1969 12:00:00 AM,33.96667,-87.91667,"(33.96667, -87.91667)"
Gunnadorah,11454,Valid,H5,19.7,Found,01/01/1968 12:00:00 AM,-31,125.93333,"(-31.0, 125.93333)"
Hamilton (Queensland),11483,Valid,L6,68000,Found,01/01/1966 12:00:00 AM,-28.48333,148.25,"(-28.48333, 148.25)"
Hamilton (Texas),11484,Valid,OC,2700,Found,01/01/1965 12:00:00 AM,31.59333,-98.25,"(31.59333, -98.25)"
Hart Camp,11846,Valid,H6,1200,Found,01/01/1970 12:00:00 AM,33.99833,-102.17667,"(33.99833, -102.17667)"
Hartley,11847,Valid,L,2100,Found,01/01/1967 12:00:00 AM,35.94167,-102.16,"(35.94167, -102.16)"
Hassayampa,11851,Valid,H4,16000,Found,01/01/1963 12:00:00 AM,33.75,-112.66667,"(33.75, -112.66667)"
Hautes Fagnes,52854,Valid,LL5,185,Found,01/01/1965 12:00:00 AM,50.58333,6.16667,"(50.58333, 6.16667)"
Hebron,11867,Valid,H6,21820,Found,01/01/1965 12:00:00 AM,40.16667,-97.6,"(40.16667, -97.6)"
Hejing,11871,Valid,Iron,,Found,01/01/1965 12:00:00 AM,42.4,86.3,"(42.4, 86.3)"
Hereford,11876,Valid,OC,2276,Found,01/01/1970 12:00:00 AM,33.795,-102.24167,"(33.795, -102.24167)"
Homewood,11902,Valid,L6,325,Found,01/01/1970 12:00:00 AM,49.50833,-97.81667,"(49.50833, -97.81667)"
Hunter,11987,Valid,LL5,74600,Found,01/01/1962 12:00:00 AM,36.56,-97.66667,"(36.56, -97.66667)"
Idalia,11998,Valid,H,7400,Found,01/01/1968 12:00:00 AM,39.695,-102.295,"(39.695, -102.295)"
Ikhrarene,12005,Valid,L4,5465,Found,01/01/1969 12:00:00 AM,28.60417,1.04167,"(28.60417, 1.04167)"
Inman,12036,Valid,L/LL3.4,7250,Found,01/01/1966 12:00:00 AM,38.25,-97.66667,"(38.25, -97.66667)"
Isna,12051,Valid,CO3.8,23000,Found,01/01/1970 12:00:00 AM,24.83333,31.66667,"(24.83333, 31.66667)"
Itutinga,12059,Valid,"Iron, IIIAB",3200,Found,01/01/1960 12:00:00 AM,-21.33333,-44.66667,"(-21.33333, -44.66667)"
Johnny's Donga,12196,Valid,Unknown,,Found,01/01/1965 12:00:00 AM,-30.33333,126.36667,"(-30.33333, 126.36667)"
Jonah,12200,Valid,H5,1304,Found,01/01/1963 12:00:00 AM,30.625,-97.53333,"(30.625, -97.53333)"
Kabakly,12219,Valid,H4,71.6,Found,01/01/1965 12:00:00 AM,39.76667,62.51667,"(39.76667, 62.51667)"
Kaffir (a),12223,Valid,L5,1874.9,Found,01/01/1965 12:00:00 AM,34.62333,-101.91667,"(34.62333, -101.91667)"
Kaffir (b),12224,Valid,H4,3500,Found,01/01/1966 12:00:00 AM,34.67167,-101.815,"(34.67167, -101.815)"
Kennard,12279,Valid,H5,8200,Found,01/01/1961 12:00:00 AM,41.48333,-96.16667,"(41.48333, -96.16667)"
Kalvesta,12237,Valid,H4,10000,Found,01/01/1968 12:00:00 AM,38.08333,-100.25,"(38.08333, -100.25)"
Kapunda,12254,Valid,"Iron, IIIAB",542,Found,01/01/1965 12:00:00 AM,-34.31667,138.93333,"(-34.31667, 138.93333)"
Karasburg,12257,Valid,"Iron, IIIAB?",12000,Found,01/01/1964 12:00:00 AM,-27.66667,18.96667,"(-27.66667, 18.96667)"
Kargapole,12261,Valid,H4,21800,Found,01/01/1961 12:00:00 AM,55.88333,64.3,"(55.88333, 64.3)"
Kinley,12319,Valid,L6,2000,Found,01/01/1965 12:00:00 AM,52.04667,-107.23333,"(52.04667, -107.23333)"
Kittakittaooloo,12327,Valid,H4,3600,Found,01/01/1970 12:00:00 AM,-28.03333,138.13333,"(-28.03333, 138.13333)"
Kivesvaara,12328,Valid,CM2,164,Found,01/01/1968 12:00:00 AM,64.45,27.56667,"(64.45, 27.56667)"
Kramer Creek,12354,Valid,L4,2300,Found,01/01/1966 12:00:00 AM,38.3925,-104.17667,"(38.3925, -104.17667)"
Kress (b),12359,Valid,L4,2600,Found,01/01/1966 12:00:00 AM,34.35833,-101.73,"(34.35833, -101.73)"
Kyle,12389,Valid,L6,7780,Found,01/01/1965 12:00:00 AM,29.975,-97.86667,"(29.975, -97.86667)"
Lahoma,12432,Valid,L5,21800,Found,01/01/1963 12:00:00 AM,36.38333,-98.08333,"(36.38333, -98.08333)"
Lake Bonney,12436,Valid,L6,2750,Found,01/01/1961 12:00:00 AM,-37.75,140.3,"(-37.75, 140.3)"
Lakeview,12449,Valid,H4,1238,Found,01/01/1970 12:00:00 AM,34.53333,-101.7,"(34.53333, -101.7)"
Laundry East,12737,Valid,H3.7,43.1,Found,01/01/1967 12:00:00 AM,-31.53333,127.1,"(-31.53333, 127.1)"
Laundry Rockhole,12738,Valid,H5,1443,Found,01/01/1967 12:00:00 AM,-31.53333,127.01667,"(-31.53333, 127.01667)"
Laundry West,12739,Valid,L4,4002,Found,01/01/1967 12:00:00 AM,-31.46667,126.93333,"(-31.46667, 126.93333)"
Lazarev,12745,Valid,"Iron, ungrouped",10000,Found,01/01/1961 12:00:00 AM,-71.95,11.5,"(-71.95, 11.5)"
Lazbuddie,12746,Valid,LL5,8600,Found,01/01/1970 12:00:00 AM,34.5,-102.75,"(34.5, -102.75)"
Leoville,12766,Valid,CV3,8100,Found,01/01/1961 12:00:00 AM,39.63333,-100.46722,"(39.63333, -100.46722)"
Leoville (b),12767,Valid,OC,2500,Found,01/01/1969 12:00:00 AM,39.60833,-100.475,"(39.60833, -100.475)"
Leshan,12770,Valid,"Iron, IIE",344,Found,01/01/1964 12:00:00 AM,29.6,103.7,"(29.6, 103.7)"
Leslie,12771,Valid,H5,895,Found,01/01/1968 12:00:00 AM,34.61139,-100.855,"(34.61139, -100.855)"
Little River (a),14665,Valid,H6,4400,Found,01/01/1967 12:00:00 AM,38.38333,-98.01667,"(38.38333, -98.01667)"
Little River (b),14666,Valid,H4/5,11700,Found,01/01/1965 12:00:00 AM,38.44,-98.06667,"(38.44, -98.06667)"
Lone Star,14682,Valid,H4,4300,Found,01/01/1965 12:00:00 AM,34.25972,-101.40833,"(34.25972, -101.40833)"
Loop,14702,Valid,L6,5600,Found,01/01/1962 12:00:00 AM,32.9,-102.28333,"(32.9, -102.28333)"
Loop (b),14703,Valid,H,1600,Found,01/01/1964 12:00:00 AM,32.99167,-102.38833,"(32.99167, -102.38833)"
Loop (c),14704,Valid,OC,861,Found,01/01/1964 12:00:00 AM,32.98333,-102.38833,"(32.98333, -102.38833)"
Loxton,14719,Valid,L5,22,Found,01/01/1968 12:00:00 AM,-34.45,140.56667,"(-34.45, 140.56667)"
Lucerne Valley 001,14725,Valid,L6,15.8,Found,01/01/1963 12:00:00 AM,34.5,-116.95,"(34.5, -116.95)"
Lucerne Valley 002,14726,Valid,LL4,5.8,Found,01/01/1963 12:00:00 AM,34.5,-116.95,"(34.5, -116.95)"
Lucerne Valley 003,14727,Valid,H6,7.5,Found,01/01/1963 12:00:00 AM,34.5,-116.95,"(34.5, -116.95)"
Lucerne Valley 004,14728,Valid,L6,37.4,Found,01/01/1963 12:00:00 AM,34.5,-116.95,"(34.5, -116.95)"
Lucerne Valley 005,14729,Valid,L6,3.1,Found,01/01/1963 12:00:00 AM,34.5,-116.95,"(34.5, -116.95)"
Lucerne Valley 006,14730,Valid,H4,26.9,Found,01/01/1963 12:00:00 AM,34.5,-116.95,"(34.5, -116.95)"
Lucerne Valley 007,14731,Valid,OC,4.8,Found,01/01/1963 12:00:00 AM,34.5,-116.95,"(34.5, -116.95)"
Lucerne Valley 008,14732,Valid,H4,2,Found,01/01/1964 12:00:00 AM,34.5,-116.95,"(34.5, -116.95)"
Lucerne Valley 009,14733,Valid,H4,3,Found,01/01/1965 12:00:00 AM,34.5,-116.95,"(34.5, -116.95)"
Lucerne Valley 010,14734,Valid,H4,6.4,Found,01/01/1965 12:00:00 AM,34.5,-116.95,"(34.5, -116.95)"
Lucerne Valley 011,14735,Valid,L6,3.8,Found,01/01/1968 12:00:00 AM,34.5,-116.95,"(34.5, -116.95)"
Lucerne Valley 012,14736,Valid,H6,1.2,Found,01/01/1968 12:00:00 AM,34.5,-116.95,"(34.5, -116.95)"
Manitouwabing,15406,Valid,"Iron, IIIAB",39000,Found,01/01/1962 12:00:00 AM,45.44,-79.87556,"(45.44, -79.87556)"
Markovka,15427,Valid,H4,54200,Found,01/01/1967 12:00:00 AM,52.4,79.8,"(52.4, 79.8)"
Masua,15444,Valid,"Iron, IAB-sLL",1460,Found,01/01/1967 12:00:00 AM,,,
Mayerthorpe,15449,Valid,"Iron, IAB complex",12610,Found,01/01/1964 12:00:00 AM,53.775,-115.03333,"(53.775, -115.03333)"
McCook,15459,Valid,L6,3602,Found,01/01/1965 12:00:00 AM,40.02,-100.78333,"(40.02, -100.78333)"
Menindee Lakes 001,15479,Valid,L6,747,Found,01/01/1969 12:00:00 AM,-33.16667,141.75,"(-33.16667, 141.75)"
Menindee Lakes 002,15480,Valid,H5,270,Found,01/01/1969 12:00:00 AM,-32.91667,141.88333,"(-32.91667, 141.88333)"
Menindee Lakes 003,15481,Valid,L6,172,Found,01/01/1969 12:00:00 AM,-32.91667,141.88333,"(-32.91667, 141.88333)"
Menindee Lakes 004,15482,Valid,L6,158.5,Found,01/01/1969 12:00:00 AM,-33.13333,141.71667,"(-33.13333, 141.71667)"
Menindee Lakes 005,15483,Valid,H5,72.9,Found,01/01/1969 12:00:00 AM,-32.91667,141.88333,"(-32.91667, 141.88333)"
Menindee Lakes 006,15484,Valid,H6,68.2,Found,01/01/1969 12:00:00 AM,-32.91667,141.88333,"(-32.91667, 141.88333)"
Midland,16633,Valid,Iron,34,Found,01/01/1960 12:00:00 AM,44.75,-79.88333,"(44.75, -79.88333)"
Mills,16687,Valid,H6,88000,Found,01/01/1970 12:00:00 AM,36.23,-104.11889,"(36.23, -104.11889)"
Mokrousovo,16714,Valid,L/LL4/5,789.2,Found,01/01/1968 12:00:00 AM,55.9,66.7,"(55.9, 66.7)"
Monte Colina,16724,Valid,L3,116.8,Found,01/01/1963 12:00:00 AM,-29.4,139.98333,"(-29.4, 139.98333)"
Monturaqui,16731,Valid,"Iron, IAB?",2000,Found,01/01/1965 12:00:00 AM,-23.93333,-68.28333,"(-23.93333, -68.28333)"
Moorabie,16735,Valid,L3.8-an,14040,Found,01/01/1965 12:00:00 AM,-30.01667,141.06667,"(-30.01667, 141.06667)"
Mosquero,16757,Valid,H4,1800,Found,01/01/1963 12:00:00 AM,35.75,-103.93333,"(35.75, -103.93333)"
Mossgiel,16758,Valid,L4,32383,Found,01/01/1967 12:00:00 AM,-33.31667,144.78333,"(-33.31667, 144.78333)"
Motpena (a),16760,Valid,L6,8810,Found,01/01/1968 12:00:00 AM,-31.1,138.26667,"(-31.1, 138.26667)"
Mount Padbury,16785,Valid,Mesosiderite-A1,272000,Found,01/01/1964 12:00:00 AM,-25.66667,118.1,"(-25.66667, 118.1)"
Muenatauray,16842,Valid,"Iron, IIAB",30000,Found,01/01/1960 12:00:00 AM,4.9,-61.2,"(4.9, -61.2)"
Mulberry Draw,16845,Valid,L5,9716,Found,01/01/1963 12:00:00 AM,35.63333,-100.13333,"(35.63333, -100.13333)"
Mulga (north),16847,Valid,H6,19900,Found,01/01/1964 12:00:00 AM,-30.18333,126.36667,"(-30.18333, 126.36667)"
Mulga (south),16848,Valid,H4,894,Found,01/01/1963 12:00:00 AM,-30.2,126.36667,"(-30.2, 126.36667)"
Muslyumovo,16884,Valid,H4,10580,Found,01/01/1964 12:00:00 AM,55.3,53.2,"(55.3, 53.2)"
Myersville,16886,Valid,OC,5397,Found,01/01/1969 12:00:00 AM,28.95,-97.40278,"(28.95, -97.40278)"
Nallah,16900,Valid,H,4.62,Found,01/01/1968 12:00:00 AM,-31.96667,126.25,"(-31.96667, 126.25)"
Nazareth (b),16929,Valid,L6,3600,Found,01/01/1967 12:00:00 AM,34.5,-102.25,"(34.5, -102.25)"
Nazareth (c),16930,Valid,H5,222,Found,01/01/1970 12:00:00 AM,34.58333,-102.08333,"(34.58333, -102.08333)"
Nazareth (d),16931,Valid,H6,1500,Found,01/01/1968 12:00:00 AM,34.58333,-102.08333,"(34.58333, -102.08333)"
Nazareth (iron),16933,Valid,"Iron, IIIAB",11310,Found,01/01/1968 12:00:00 AM,34.52667,-102.105,"(34.52667, -102.105)"
Needles,16936,Valid,"Iron, IID",45300,Found,01/01/1962 12:00:00 AM,34.44417,-114.8325,"(34.44417, -114.8325)"
Neptune Mountains,16944,Valid,"Iron, IAB complex",1070,Found,01/01/1964 12:00:00 AM,-83.25,-55,"(-83.25, -55.0)"
New York,55760,Valid,"Iron, IIIAB",2950,Found,01/01/1965 12:00:00 AM,0,0,"(0.0, 0.0)"
Niger (C2),16973,Valid,CM2,20,Found,01/01/1969 12:00:00 AM,,,
Nimberrin,16979,Valid,L6,786,Found,01/01/1970 12:00:00 AM,-31.51667,117.96667,"(-31.51667, 117.96667)"
Nora Creina,16990,Valid,L4,283.5,Found,01/01/1962 12:00:00 AM,-37.31667,139.85,"(-37.31667, 139.85)"
Norristown,16997,Valid,"Iron, IIIAB",4200,Found,01/01/1965 12:00:00 AM,32.51667,-82.55,"(32.51667, -82.55)"
North East Reid,17002,Valid,H5,38.6,Found,01/01/1969 12:00:00 AM,-30.03333,129.01667,"(-30.03333, 129.01667)"
North Forrest,17003,Valid,H5,608.9,Found,01/01/1969 12:00:00 AM,-30.5,128.1,"(-30.5, 128.1)"
North Haig,17004,Valid,Ureilite-pmict,964,Found,01/01/1961 12:00:00 AM,-30.21667,126.21667,"(-30.21667, 126.21667)"
North Reid,17006,Valid,LL5,308.7,Found,01/01/1969 12:00:00 AM,-30,128.91667,"(-30.0, 128.91667)"
North West Forrest (H),17008,Valid,H4,238.4,Found,01/01/1969 12:00:00 AM,-30.76667,128.01667,"(-30.76667, 128.01667)"
Northampton,17009,Valid,Iron,353,Found,01/01/1963 12:00:00 AM,42.31667,-72.63333,"(42.31667, -72.63333)"
Northwest Africa 2105,32870,Valid,CV3,168,Found,01/01/1970 12:33:23 AM,,,
Oberon Bay,17977,Valid,LL6,179,Found,01/01/1962 12:00:00 AM,-39.06667,146.35,"(-39.06667, 146.35)"
Nova Petropolis,17928,Valid,"Iron, IIIAB",305000,Found,01/01/1967 12:00:00 AM,-29.43333,-50.91667,"(-29.43333, -50.91667)"
Oak,17971,Valid,L5,75.3,Found,01/01/1968 12:00:00 AM,-31.58333,127.7,"(-31.58333, 127.7)"
Oasis State Park,17974,Valid,OC,606,Found,01/01/1968 12:00:00 AM,34.22833,-103.35833,"(34.22833, -103.35833)"
Odessa (stone),17986,Valid,H4,1926,Found,01/01/1960 12:00:00 AM,46.5,30.76667,"(46.5, 30.76667)"
Oshkosh,18036,Valid,H,144.8,Found,01/01/1961 12:00:00 AM,44.07694,-88.56278,"(44.07694, -88.56278)"
Otto,18047,Valid,H5,28,Found,01/01/1970 12:00:00 AM,35.16667,-105.98333,"(35.16667, -105.98333)"
Oufrane,18051,Valid,L,540,Found,01/01/1969 12:00:00 AM,28.29583,0.025,"(28.29583, 0.025)"
Palermo,18076,Valid,Unknown,,Found,01/01/1966 12:00:00 AM,-34.55,-58.43333,"(-34.55, -58.43333)"
Panhandle,18096,Valid,H5,1360,Found,01/01/1969 12:00:00 AM,35.33333,-101.38333,"(35.33333, -101.38333)"
Pannikin,18097,Valid,L6,13.6,Found,01/01/1965 12:00:00 AM,-32.04167,126.18333,"(-32.04167, 126.18333)"
Park,18104,Valid,L6,13000,Found,01/01/1969 12:00:00 AM,39.11,-100.36167,"(39.11, -100.36167)"
Paso Rio Mayo,18111,Valid,Unknown,,Found,01/01/1968 12:00:00 AM,,,
Pep,18791,Valid,OC,591,Found,01/01/1966 12:00:00 AM,33.73,-102.57667,"(33.73, -102.57667)"
Plains,18839,Valid,H5,34300,Found,01/01/1964 12:00:00 AM,33.28333,-102.76667,"(33.28333, -102.76667)"
Plainview (c),18843,Valid,OC,631,Found,01/01/1963 12:00:00 AM,34.125,-101.75667,"(34.125, -101.75667)"
Pomozdino,18863,Valid,Eucrite-cm,327,Found,01/01/1964 12:00:00 AM,62.2,54.16667,"(62.2, 54.16667)"
Poonarunna,18868,Valid,H5,76,Found,01/01/1970 12:00:00 AM,-27.76667,137.85,"(-27.76667, 137.85)"
Portales (a),18871,Valid,H4,3240,Found,01/01/1967 12:00:00 AM,34.06667,-103.5,"(34.06667, -103.5)"
Portales (b),18872,Valid,L6,595.8,Found,01/01/1967 12:00:00 AM,34.06667,-103.5,"(34.06667, -103.5)"
Portales (c),18873,Valid,H4,6000,Found,01/01/1967 12:00:00 AM,34.1,-103.41667,"(34.1, -103.41667)"
Post,18877,Valid,L,2000,Found,01/01/1965 12:00:00 AM,33.11667,-101.38333,"(33.11667, -101.38333)"
Quinyambie,22365,Valid,LL3.6,1638,Found,01/01/1968 12:00:00 AM,-30.15,140.98333,"(-30.15, 140.98333)"
Redfields,22551,Valid,"Iron, ungrouped",8740,Found,01/01/1969 12:00:00 AM,-30.71667,116.5,"(-30.71667, 116.5)"
Reid,22556,Valid,H5,144.1,Found,01/01/1969 12:00:00 AM,-30.06667,128.98333,"(-30.06667, 128.98333)"
Rhineland,22595,Valid,H5,6240,Found,01/01/1961 12:00:00 AM,33.53333,-99.61667,"(33.53333, -99.61667)"
Richa,22598,Valid,"Iron, IID",1500,Found,01/01/1960 12:00:00 AM,10,9,"(10.0, 9.0)"
River,22612,Valid,L5,190.5,Found,01/01/1965 12:00:00 AM,-30.36667,126.01667,"(-30.36667, 126.01667)"
Riverton,22613,Valid,H5,103.3,Found,01/01/1960 12:00:00 AM,50.94,-96.99167,"(50.94, -96.99167)"
Roosevelt County 001,22656,Valid,H3.8,462,Found,01/01/1968 12:00:00 AM,33.78333,-103.56667,"(33.78333, -103.56667)"
Roosevelt County 032,22687,Valid,H5,141.1,Found,01/01/1968 12:00:00 AM,34.08333,-103.5,"(34.08333, -103.5)"
Roosevelt County 033,22688,Valid,L4,21.8,Found,01/01/1968 12:00:00 AM,34.08333,-103.5,"(34.08333, -103.5)"
Roosevelt County 034,22689,Valid,H5,118.5,Found,01/01/1968 12:00:00 AM,34.08333,-103.61667,"(34.08333, -103.61667)"
Roosevelt County 035,22690,Valid,L6,81.6,Found,01/01/1968 12:00:00 AM,34.08333,-103.61667,"(34.08333, -103.61667)"
Roosevelt County 036,22691,Valid,H5,65.2,Found,01/01/1968 12:00:00 AM,34.08333,-103.61667,"(34.08333, -103.61667)"
Roosevelt County 037,22692,Valid,H4/5,94.3,Found,01/01/1968 12:00:00 AM,34.08333,-103.51667,"(34.08333, -103.51667)"
Roosevelt County 038,22693,Valid,H5,49.4,Found,01/01/1968 12:00:00 AM,34.3,-103.45,"(34.3, -103.45)"
Roosevelt County 039,22694,Valid,H5,38,Found,01/01/1969 12:00:00 AM,34.08333,-103.5,"(34.08333, -103.5)"
Roosevelt County 040,22695,Valid,H5,71.1,Found,01/01/1969 12:00:00 AM,34.08333,-103.5,"(34.08333, -103.5)"
Roosevelt County 041,22696,Valid,L5,32.4,Found,01/01/1969 12:00:00 AM,34.08333,-103.5,"(34.08333, -103.5)"
Roosevelt County 042,22697,Valid,H5,32.6,Found,01/01/1969 12:00:00 AM,34.08333,-103.51667,"(34.08333, -103.51667)"
Roosevelt County 043,22698,Valid,H4/5,52.1,Found,01/01/1969 12:00:00 AM,34.08333,-103.61667,"(34.08333, -103.61667)"
Roosevelt County 044,22699,Valid,L6,439.1,Found,01/01/1970 12:00:00 AM,34.25,-103.51667,"(34.25, -103.51667)"
Roosevelt County 045,22700,Valid,L6,55.5,Found,01/01/1970 12:00:00 AM,34.23333,-103.25,"(34.23333, -103.25)"
Roosevelt County 046,22701,Valid,H5,120.4,Found,01/01/1970 12:00:00 AM,34.1,-103.48333,"(34.1, -103.48333)"
Roosevelt County 047,22702,Valid,L6,30.3,Found,01/01/1970 12:00:00 AM,34.13333,-103.36667,"(34.13333, -103.36667)"
Roosevelt County 048,22703,Valid,L6,57.3,Found,01/01/1970 12:00:00 AM,33.61667,-103.45,"(33.61667, -103.45)"
Roosevelt County 058,22713,Valid,L4,12,Found,01/01/1968 12:00:00 AM,34.08333,-103.5,"(34.08333, -103.5)"
Roosevelt County 059,22714,Valid,L6,26.2,Found,01/01/1968 12:00:00 AM,34.08333,-103.5,"(34.08333, -103.5)"
Roosevelt County 060,22715,Valid,H5,34.2,Found,01/01/1968 12:00:00 AM,34.08333,-103.61667,"(34.08333, -103.61667)"
Roosevelt County 061,22716,Valid,H5,49.5,Found,01/01/1968 12:00:00 AM,34.08333,-103.51667,"(34.08333, -103.51667)"
Roosevelt County 062,22717,Valid,H5,16.2,Found,01/01/1969 12:00:00 AM,34.21667,-103.5,"(34.21667, -103.5)"
Roosevelt County 063,22718,Valid,L4,34.7,Found,01/01/1969 12:00:00 AM,34.08333,-103.5,"(34.08333, -103.5)"
Roosevelt County 064,22719,Valid,H5,24.8,Found,01/01/1969 12:00:00 AM,34.08333,-103.5,"(34.08333, -103.5)"
Roosevelt County 080,22735,Valid,H6,727.8,Found,01/01/1968 12:00:00 AM,34.05,-103.5,"(34.05, -103.5)"
Roosevelt County 081,22736,Valid,H5,522.2,Found,01/01/1969 12:00:00 AM,33.63333,-103.16667,"(33.63333, -103.16667)"
Roosevelt County 082,22737,Valid,H4,137,Found,01/01/1969 12:00:00 AM,34.08333,-103.56667,"(34.08333, -103.56667)"
Roosevelt County 083,22738,Valid,H5,14.8,Found,01/01/1969 12:00:00 AM,33.66667,-103.41667,"(33.66667, -103.41667)"
Roosevelt County 084,22739,Valid,L4,69.6,Found,01/01/1969 12:00:00 AM,34.2,-103.23333,"(34.2, -103.23333)"
Roosevelt County 085,22740,Valid,L4,140,Found,01/01/1969 12:00:00 AM,34.31667,-103.38333,"(34.31667, -103.38333)"
Roosevelt County 098,22753,Valid,L6,15,Found,01/01/1969 12:00:00 AM,34.21667,-103.55,"(34.21667, -103.55)"
Roosevelt County 099,22754,Valid,H(5?),9.8,Found,01/01/1969 12:00:00 AM,33.6,-103.3,"(33.6, -103.3)"
Roosevelt County 100,22755,Valid,L5,6.8,Found,01/01/1970 12:00:00 AM,34.3,-103.45,"(34.3, -103.45)"
Rowena,22772,Valid,H6,34700,Found,01/01/1962 12:00:00 AM,-29.8,148.63333,"(-29.8, 148.63333)"
Saint-Aubin,23096,Valid,"Iron, IIIAB",472000,Found,01/01/1968 12:00:00 AM,48.48333,3.58333,"(48.48333, 3.58333)"
Salla,23110,Valid,L6,7000,Found,01/01/1963 12:00:00 AM,66.8,28.45,"(66.8, 28.45)"
San Luis,23129,Valid,H,,Found,01/01/1964 12:00:00 AM,-33.33333,-66.38333,"(-33.33333, -66.38333)"
São João Nepomuceno,23170,Valid,"Iron, IVA-an",15300,Found,01/01/1960 12:00:00 AM,-21.55,-43.01667,"(-21.55, -43.01667)"
Sargiin Gobi,23179,Valid,"Iron, IAB complex",17500,Found,01/01/1964 12:00:00 AM,45.9835,105.75883,"(45.9835, 105.75883)"
Seagraves,23469,Valid,H4,13000,Found,01/01/1962 12:00:00 AM,32.93333,-102.58333,"(32.93333, -102.58333)"
Selden,23484,Valid,LL5,1560,Found,01/01/1960 12:00:00 AM,39.53333,-100.56667,"(39.53333, -100.56667)"
Seminole,23488,Valid,H4,43900,Found,01/01/1961 12:00:00 AM,32.68333,-102.61667,"(32.68333, -102.61667)"
Seminole (b),23489,Valid,H4,1184,Found,01/01/1965 12:00:00 AM,32.54333,-102.705,"(32.54333, -102.705)"
Seminole (c),23490,Valid,H4,1711,Found,01/01/1967 12:00:00 AM,32.55,-102.39167,"(32.55, -102.39167)"
Severny Kolchim,23507,Valid,H3,1390,Found,01/01/1965 12:00:00 AM,60.5,57,"(60.5, 57.0)"
Seymchan,23510,Valid,"Pallasite, PMG",323300,Found,01/01/1967 12:00:00 AM,62.9,152.43333,"(62.9, 152.43333)"
Shibayama,23532,Valid,L6,235,Found,01/01/1969 12:00:00 AM,35.765,140.41,"(35.765, 140.41)"
Shields,23533,Valid,H5,9780,Found,01/01/1962 12:00:00 AM,38.7,-100.35,"(38.7, -100.35)"
Sierra County,23589,Valid,H5,1000,Found,01/01/1962 12:00:00 AM,33,-107.5,"(33.0, -107.5)"
Skiff,23622,Valid,H4,3540,Found,01/01/1966 12:00:00 AM,49.25,-111.86667,"(49.25, -111.86667)"
Sleeper Camp 001,23627,Valid,L6,1250,Found,01/01/1962 12:00:00 AM,-30.25,126.33333,"(-30.25, 126.33333)"
Sleeper Camp 002,23628,Valid,Iron,39.5,Found,01/01/1966 12:00:00 AM,-30.48333,126.25,"(-30.48333, 126.25)"
Slovak,23647,Valid,H5,8220,Found,01/01/1962 12:00:00 AM,34.65,-91.58333,"(34.65, -91.58333)"
Smyer,23655,Valid,H6,3273,Found,01/01/1968 12:00:00 AM,33.58333,-102.16667,"(33.58333, -102.16667)"
Southern Michigan,23684,Valid,Iron,49,Found,01/01/1965 12:00:00 AM,,,
Springer,23688,Valid,H5,8143,Found,01/01/1965 12:00:00 AM,36.34611,-97.185,"(36.34611, -97.185)"
St. Lawrence,23088,Valid,LL6,2600,Found,01/01/1965 12:00:00 AM,31.73333,-101.505,"(31.73333, -101.505)"
Stoneham,31330,Valid,H5,5000,Found,01/01/1960 12:00:00 AM,40.63783,-103.69717,"(40.63783, -103.69717)"
Stratton,23730,Valid,OC,121,Found,01/01/1964 12:00:00 AM,39.22167,-102.59,"(39.22167, -102.59)"
Sutton,23763,Valid,H5,7600,Found,01/01/1964 12:00:00 AM,40.6,-97.86667,"(40.6, -97.86667)"
Sweetwater,23770,Valid,H5,1760,Found,01/01/1961 12:00:00 AM,32.55,-100.41667,"(32.55, -100.41667)"
Talpa,23793,Valid,H6,13000,Found,01/01/1963 12:00:00 AM,31.86667,-99.58333,"(31.86667, -99.58333)"
Tarlton,23880,Valid,H4,226.5,Found,01/01/1967 12:00:00 AM,39.32,-82.37,"(39.32, -82.37)"
Thiel Mountains,23911,Valid,"Pallasite, PMG",31700,Found,01/01/1962 12:00:00 AM,-85.45,-90,"(-85.45, -90.0)"
Thurman,23980,Valid,OC,1959,Found,01/01/1965 12:00:00 AM,39.52167,-103.16667,"(39.52167, -103.16667)"
Tiberrhamine,23985,Valid,L6,107000,Found,01/01/1967 12:00:00 AM,28.11667,0.53333,"(28.11667, 0.53333)"
Tibooburra,23986,Valid,CV3,18.6,Found,01/01/1970 12:00:00 AM,-29.43333,142.01667,"(-29.43333, 142.01667)"
Tierra Blanca,23988,Valid,Winonaite,860,Found,01/01/1965 12:00:00 AM,34.93333,-102.01667,"(34.93333, -102.01667)"
Timmersoi,24002,Valid,L5,516,Found,01/01/1966 12:00:00 AM,18.91667,6.25,"(18.91667, 6.25)"
Tishomingo,24010,Valid,"Iron, ungrouped",260000,Found,01/01/1965 12:00:00 AM,34.25,-96.68333,"(34.25, -96.68333)"
Tobe,24014,Valid,H4,5386,Found,01/01/1963 12:00:00 AM,37.2,-103.58333,"(37.2, -103.58333)"
Toronto,24030,Valid,"Iron, IAB complex",2715,Found,01/01/1970 12:00:00 AM,,,
Toulon,24035,Valid,H5,1214.5,Found,01/01/1962 12:00:00 AM,41.11667,-89.80833,"(41.11667, -89.80833)"
Tres Estacas,24048,Valid,OC,150000,Found,01/01/1968 12:00:00 AM,,,
Tsarev,24058,Valid,L5,1225300,Found,01/01/1968 12:00:00 AM,48.7,45.7,"(48.7, 45.7)"
Tulia (iron),24070,Valid,Iron,190,Found,01/01/1969 12:00:00 AM,34.555,-101.63,"(34.555, -101.63)"
Two Buttes (a),24091,Valid,H5,19700,Found,01/01/1962 12:00:00 AM,37.63333,-102.41667,"(37.63333, -102.41667)"
Two Buttes (b),24092,Valid,H,3000,Found,01/01/1970 12:00:00 AM,37.63333,-102.41667,"(37.63333, -102.41667)"
Ularring,24107,Valid,L6,271.8,Found,01/01/1970 12:00:00 AM,-29.96667,120.6,"(-29.96667, 120.6)"
Um Habib,24111,Valid,L6,696,Found,01/01/1960 12:00:00 AM,21.5,50.5,"(21.5, 50.5)"
Valkeala,24150,Valid,L6,4000,Found,01/01/1962 12:00:00 AM,61.05,26.83333,"(61.05, 26.83333)"
Venus,24160,Valid,H4,1013,Found,01/01/1960 12:00:00 AM,32.4,-97.08333,"(32.4, -97.08333)"
Verissimo,24163,Valid,"Iron, IIIAB",14000,Found,01/01/1965 12:00:00 AM,-19.73333,-48.31667,"(-19.73333, -48.31667)"
Vulcan,24192,Valid,H6,19000,Found,01/01/1962 12:00:00 AM,50.51667,-113.13333,"(50.51667, -113.13333)"
Waka,24200,Valid,H6,11875,Found,01/01/1963 12:00:00 AM,36.15,-101.05,"(36.15, -101.05)"
Wallareenya,24207,Valid,"Iron, IIIAB",4386,Found,01/01/1965 12:00:00 AM,-20.66667,118.83333,"(-20.66667, 118.83333)"
Warburton Range,24212,Valid,"Iron, IVB",56930,Found,01/01/1963 12:00:00 AM,-26.28333,126.66667,"(-26.28333, 126.66667)"
Watonga,55758,Valid,LL3.1,5025,Found,01/01/1960 12:00:00 AM,35.833333,-98.4,"(35.833333, -98.4)"
Webb,24228,Valid,L6,410.5,Found,01/01/1968 12:00:00 AM,-31.69167,127.78333,"(-31.69167, 127.78333)"
Wellman (b),24238,Valid,OC,343,Found,01/01/1964 12:00:00 AM,33.025,-102.41667,"(33.025, -102.41667)"
Wellman (c),24239,Valid,H4,45000,Found,01/01/1964 12:00:00 AM,33.03333,-102.33333,"(33.03333, -102.33333)"
Wellman (d),24240,Valid,H,1615,Found,01/01/1966 12:00:00 AM,33.01667,-102.36667,"(33.01667, -102.36667)"
Wernigerode,24243,Valid,H5,24.3,Found,01/01/1970 12:00:00 AM,51.85,10.78333,"(51.85, 10.78333)"
West Reid,24247,Valid,H6,627.7,Found,01/01/1969 12:00:00 AM,-30.05,128.93333,"(-30.05, 128.93333)"
Wikieup,24260,Valid,H5,372,Found,01/01/1965 12:00:00 AM,34.7,-113.6,"(34.7, -113.6)"
Wilbia,24261,Valid,H5,94,Found,01/01/1965 12:00:00 AM,-26.45,131,"(-26.45, 131.0)"
Wildara,24265,Valid,H5,500000,Found,01/01/1968 12:00:00 AM,-28.23333,120.85,"(-28.23333, 120.85)"
Willaroy,24272,Valid,H3.8-an,4030,Found,01/01/1970 12:00:00 AM,-30.1,143.2,"(-30.1, 143.2)"
Williston,24275,Valid,"Iron, IIIAB",7645,Found,01/01/1962 12:00:00 AM,47.98333,-103.65,"(47.98333, -103.65)"
Wooramel,24335,Valid,L5,71000,Found,01/01/1969 12:00:00 AM,-25.65,114.21667,"(-25.65, 114.21667)"
Wynyard,24344,Valid,H5,3479,Found,01/01/1968 12:00:00 AM,51.88333,-104.18333,"(51.88333, -104.18333)"
Yamato 691,24358,Valid,EH3,715,Found,01/01/1969 12:00:00 AM,-71.84861,36.51944,"(-71.84861, 36.51944)"
Yamato 692,24359,Valid,Diogenite,138,Found,01/01/1969 12:00:00 AM,-71.5,35.66667,"(-71.5, 35.66667)"
Yamato 693,24360,Valid,CK4/5,150,Found,01/01/1969 12:00:00 AM,-71.5,35.66667,"(-71.5, 35.66667)"
Yamato 694,24361,Valid,H6,62,Found,01/01/1969 12:00:00 AM,-71.5,35.66667,"(-71.5, 35.66667)"
Yamato 695,24362,Valid,H5,38,Found,01/01/1969 12:00:00 AM,-71.5,35.66667,"(-71.5, 35.66667)"
Yamato 696,24363,Valid,H5,41,Found,01/01/1969 12:00:00 AM,-71.5,35.66667,"(-71.5, 35.66667)"
Yamato 697,24364,Valid,H4/5,25,Found,01/01/1969 12:00:00 AM,-71.5,35.66667,"(-71.5, 35.66667)"
Yamato 698,24365,Valid,H6,10,Found,01/01/1969 12:00:00 AM,-71.5,35.66667,"(-71.5, 35.66667)"
Yamato 699,24366,Valid,H5,10,Found,01/01/1969 12:00:00 AM,-71.5,35.66667,"(-71.5, 35.66667)"
Yayjinna,30359,Valid,L6,262.5,Found,01/01/1965 12:00:00 AM,-32.03333,126.175,"(-32.03333, 126.175)"
Yilmia,30362,Valid,EL6,40000,Found,01/01/1969 12:00:00 AM,-31.19167,121.53333,"(-31.19167, 121.53333)"
Yingde,30363,Valid,"Iron, IVA",3000000,Found,01/01/1964 12:00:00 AM,24.2,113.4,"(24.2, 113.4)"
Yocemento,30364,Valid,L4,5920,Found,01/01/1966 12:00:00 AM,38.9,-99.43333,"(38.9, -99.43333)"
Zacatecas (1969),30382,Valid,"Iron, IIIAB",6660,Found,01/01/1969 12:00:00 AM,,,
Zerhamra,30403,Valid,"Iron, IIIAB-an",630000,Found,01/01/1967 12:00:00 AM,29.85861,-2.645,"(29.85861, -2.645)"
Zhigansk,30405,Valid,"Iron, IIIAB",900000,Found,01/01/1966 12:00:00 AM,68,128.3,"(68.0, 128.3)"
